1,,Canada East Coast - West Levee of Western Laurentian Valley,West Leavee of Western Laurentian Valley Slide,TRUE,TRUE,0.45,,From a sediment core at the bottom of the landslide at 4862 m
2,,Canada West Coast - Woodfibre Creek Delta Failure,Woodfibre -Howe Sound,FALSE,TRUE,0,, 
3,,Canada West Coast - Fraser River Delta Failure,,FALSE,FALSE,0,, 
4,,Canada West Coast - Kitimat Arm Failure 1975,,FALSE,FALSE,0,, 
5,,Canada West Coast - Northern Cascadia_A,Northern Cascadia - Minke Slide,FALSE,TRUE,0,, 
6,,Canada West Coast - Northern Cascadia_B,Northern Cascadia - Seal Slump,FALSE,TRUE,0,, 
7,,Canada West Coast - Northern Cascadia_C,Northern Cascadia - Pilot Slide,FALSE,TRUE,0,, 
8,,Canada West Coast - Northern Cascadia_D_Slipstream,Northern Cascadia - Humpback Slide,FALSE,TRUE,0,, 
9,,Canada West Coast - Northern Cascadia_E_Orca,Northern Cascadia - Orca Slump,FALSE,TRUE,0,, 
10,,Canada West Coast - Northern Cascadia_F,Northern Cascadia - Otter Slide,FALSE,TRUE,0,, 
11,,Canada West Coast - Northern Cascadia_G,Northern Cascadia - Dolphin Slump,FALSE,TRUE,0,, 
12,,Canada West Coast - Northern Cascadia_H,Northern Cascadia - Dolphin Slump,FALSE,TRUE,0,, 
13,,Canada West Coast - Explorer Plate_1,Explorer Plate_1,FALSE,FALSE,,,
14,,Canada West Coast - Explorer Plate_2,Explorer Plate_2,FALSE,FALSE,,,
15,,Canada West Coast - Explorer Plate_3,Explorer Plate_3,FALSE,FALSE,,,
16,,Canada West Coast - Explorer Plate_4,Explorer Plate_4,FALSE,FALSE,,,
17,,Canada West Coast - Explorer Plate_5,Explorer Plate_5,FALSE,FALSE,,,
18,,Canada West Coast - Explorer Plate Winona Basin_6a,Explorer Plate Winona Basin_6a,FALSE,FALSE,,,
19,,Canada West Coast - Explorer Plate Winona Basin_6b,Explorer Plate Winona Basin_6b,FALSE,FALSE,,,
20,,Canada West Coast - Explorer Plate_7,Explorer Plate_7,FALSE,FALSE,,,
21,,Arctic Canada West - Beaufort Sea Slump,,FALSE,FALSE,0,, 
22,,Arctic Canada East - Baffin Bay - Scott Trough Slide,,FALSE,FALSE,0,, 
23,,St Lawrence - Betsiamites - Lower St. Lawrence,1663 Betsiamite Failure,FALSE,FALSE,0,, 
24,,Canada East Coast - Grand Banks Failure,1929 Grand Banks Failure,FALSE,FALSE,0,, 
25,,Canada East Coast - Hopedale-Makkovik Failure Complex,Makkovik Failure,FALSE,FALSE,0,, 
26,,Canada East Coast - Flemish Pass_Core16,,FALSE,FALSE,0,, 
27,,Canada East Coast - Flemish Pass_Core13,,FALSE,FALSE,0,, 
28,,Canada East Coast - Flemish Pass_Core14,,FALSE,FALSE,0,, 
29,,Canada East Coast - Newfoundland_1449,Newfoundland_1449,FALSE,FALSE,0,,
30,,Canada East Coast - Newfoundland_1450,Newfoundland_1450,FALSE,FALSE,0,,
31,,Canada East Coast - Newfoundland_738,Newfoundland_738,FALSE,FALSE,0,,
32,,Canada East Coast - Newfoundland_739,Newfoundland_739,FALSE,FALSE,0,,
33,,Canada East Coast - Newfoundland_740,Newfoundland_740,FALSE,FALSE,0,,
34,,Canada East Coast - Newfoundland_1156,Newfoundland_1156,FALSE,FALSE,0,,
35,,Canada East Coast - Newfoundland_1157,Newfoundland_1157,FALSE,FALSE,0,,
36,,Canada East Coast - Newfoundland_1159,Newfoundland_1159,FALSE,FALSE,0,,
37,,Canada East Coast - Newfoundland_1160,Newfoundland_1160,FALSE,FALSE,0,,
38,,Canada East Coast - Newfoundland_1162,Newfoundland_1162,FALSE,FALSE,0,,
39,,Canada East Coast - Newfoundland_1787,Newfoundland_1787,FALSE,FALSE,0,,
40,,Canada East Coast - Newfoundland_1888,Newfoundland_1888,FALSE,FALSE,0,,
41,,Canada East Coast - Newfoundland_1917,Newfoundland_1917,FALSE,FALSE,0,,
42,,Canada East Coast - Newfoundland_1918,Newfoundland_1918,FALSE,FALSE,0,,
43,,Canada East Coast - Newfoundland_2355,Newfoundland_2355,FALSE,FALSE,0,,
44,,Canada East Coast - Newfoundland_2356,Newfoundland_2356,FALSE,FALSE,0,,
45,,Canada East Coast - Newfoundland_6768,Newfoundland_6768,FALSE,FALSE,0,,
46,,Canada East Coast - Newfoundland_6771,Newfoundland_6771,FALSE,FALSE,0,,
47,,Canada East Coast - Newfoundland_6772,Newfoundland_6772,FALSE,FALSE,0,,
48,,Canada East Coast - Newfoundland_6773,Newfoundland_6773,FALSE,FALSE,0,,
49,,Canada East Coast - Newfoundland_6774,Newfoundland_6774,FALSE,FALSE,0,,
50,,Canada East Coast - Newfoundland_6775,Newfoundland_6775,FALSE,FALSE,0,,
51,,Canada East Coast - Newfoundland_6829,Newfoundland_6829,FALSE,FALSE,0,,
52,,Canada East Coast - Newfoundland_6830,Newfoundland_6830,FALSE,FALSE,0,,
53,,Canada East Coast - Newfoundland_6831,Newfoundland_6831,FALSE,FALSE,0,,
54,,Canada East Coast - Newfoundland_6832,Newfoundland_6832,FALSE,FALSE,0,,
55,,Canada East Coast - Newfoundland_6833,Newfoundland_6833,FALSE,FALSE,0,,
56,,Canada East Coast - Newfoundland_6834,Newfoundland_6834,FALSE,FALSE,0,,
57,,Canada East Coast - Newfoundland_7465,Newfoundland_7465,FALSE,FALSE,0,,
58,,Canada East Coast - Newfoundland_13796,Newfoundland_13796,FALSE,FALSE,0,,
59,,Canada East Coast - Newfoundland_13797,Newfoundland_13797,FALSE,FALSE,0,,
60,,Canada East Coast - Newfoundland_13798,Newfoundland_13798,FALSE,FALSE,0,,
61,,Canada East Coast - Newfoundland_13799,Newfoundland_13799,FALSE,FALSE,0,,
62,,Canada West Coast_1,,FALSE,FALSE,0,,
63,,Canada West Coast_2,,FALSE,FALSE,0,,
64,,Canada West Coast_3,,FALSE,FALSE,0,,
65,,Canada West Coast_4,,FALSE,FALSE,0,,
66,,Canada West Coast_5,,FALSE,FALSE,0,,
67,,Canada West Coast_6,,FALSE,FALSE,0,,
68,,Canada West Coast_7,,FALSE,FALSE,0,,
69,,Canada West Coast_8,,FALSE,FALSE,0,,
70,,Canada West Coast_9,,FALSE,FALSE,0,,
71,,Canada West Coast_10,,FALSE,FALSE,0,,
72,,Canada West Coast_11,,FALSE,FALSE,0,,
73,,Canada West Coast_12,,FALSE,FALSE,0,,
74,,Canada West Coast_13,,FALSE,FALSE,0,,
75,,Canada West Coast_14,,FALSE,FALSE,0,,
76,,Canada West Coast_15,,FALSE,FALSE,0,,
77,,Canada West Coast_16,,FALSE,FALSE,0,,
78,,Canada West Coast_17,,FALSE,FALSE,0,,
79,,Canada West Coast_18,,FALSE,FALSE,0,,
80,,Canada West Coast_19,,FALSE,FALSE,0,,
81,,Canada West Coast_20,,FALSE,FALSE,0,,
82,,Canada West Coast_21,,FALSE,FALSE,0,,
83,,Canada West Coast_22,,FALSE,FALSE,0,,
84,,Canada West Coast_23,,FALSE,FALSE,0,,
85,,Canada West Coast_24,,FALSE,FALSE,0,,
86,,Canada West Coast_25,,FALSE,FALSE,0,,
87,,Canada West Coast_26,,FALSE,FALSE,0,,
88,,Canada West Coast_27,,FALSE,FALSE,0,,
89,,Canada West Coast_28,,FALSE,FALSE,0,,
90,,Canada West Coast_29,,FALSE,FALSE,0,,
91,,Canada West Coast_30,,FALSE,FALSE,0,,
92,,Canada West Coast_31,,FALSE,FALSE,0,,
93,,Canada West Coast_32,,FALSE,FALSE,0,,
94,,Canada West Coast_33,,FALSE,FALSE,0,,
95,,Canada West Coast_34,,FALSE,FALSE,0,,
96,,Canada West Coast_35,,FALSE,FALSE,0,,
97,,Canada West Coast_36,,FALSE,FALSE,0,,
98,,Canada West Coast_37,,FALSE,FALSE,0,,
99,,Canada West Coast_38,,FALSE,FALSE,0,,
100,,Canada West Coast_39,,FALSE,FALSE,0,,
101,,Canada West Coast_40,,FALSE,FALSE,0,,
102,,Canada West Coast_41,,FALSE,FALSE,0,,
103,,Canada West Coast_42,,FALSE,FALSE,0,,
104,,Canada West Coast_43,,FALSE,FALSE,0,,
105,,Canada West Coast_44,,FALSE,FALSE,0,,
106,,Canada West Coast_45,,FALSE,FALSE,0,,
107,,Canada West Coast_46,,FALSE,FALSE,0,,
108,,Canada West Coast_47,,FALSE,FALSE,0,,
109,,Canada West Coast_48,,FALSE,FALSE,0,,
110,,Canada West Coast_49,,FALSE,FALSE,0,,
111,,Canada West Coast_50,,FALSE,FALSE,0,,
112,,Canada West Coast_51,,FALSE,FALSE,0,,
113,,Canada West Coast_52,,FALSE,FALSE,0,,
114,,Canada West Coast_53,,FALSE,FALSE,0,,
115,,Canada West Coast_54,,FALSE,FALSE,0,,
116,,Canada West Coast_55,,FALSE,FALSE,0,,
117,,Canada West Coast_56,,FALSE,FALSE,0,,
118,,Canada West Coast_57,,FALSE,FALSE,0,,
119,,Canada West Coast_58,,FALSE,FALSE,0,,
120,,Canada West Coast_59,,FALSE,FALSE,0,,
121,,Canada West Coast_60,,FALSE,FALSE,0,,
122,,Canada West Coast_61,,FALSE,FALSE,0,,
123,,Canada West Coast_62,,FALSE,FALSE,0,,
124,,Canada West Coast_63,,FALSE,FALSE,0,,
125,,Canada West Coast_64,,FALSE,FALSE,0,,
126,,Canada West Coast_65,,FALSE,FALSE,0,,
127,,Canada West Coast_66,,FALSE,FALSE,0,,
128,,Canada West Coast_67,,FALSE,FALSE,0,,
129,,Canada West Coast_68,,FALSE,FALSE,0,,
130,,Canada West Coast_69,,FALSE,FALSE,0,,
131,,Canada West Coast_70,,FALSE,FALSE,0,,
132,,Canada West Coast_71,,FALSE,FALSE,0,,
133,,Canada West Coast_72,,FALSE,FALSE,0,,
134,,Canada West Coast_73,,FALSE,FALSE,0,,
135,,Canada West Coast_74,,FALSE,FALSE,0,,
136,,Canada West Coast_75,,FALSE,FALSE,0,,
137,,Canada West Coast_76,,FALSE,FALSE,0,,
138,,Canada West Coast_77,,FALSE,FALSE,0,,
139,,Canada West Coast_78,,FALSE,FALSE,0,,
140,,Canada West Coast_79,,FALSE,FALSE,0,,
141,,Canada West Coast_80,,FALSE,FALSE,0,,
142,,Canada West Coast_81,,FALSE,FALSE,0,,
143,,Canada West Coast_82,,FALSE,FALSE,0,,
144,,Canada West Coast_83,,FALSE,FALSE,0,,
145,,Canada West Coast_84,,FALSE,FALSE,0,,
146,,Canada West Coast_85,,FALSE,FALSE,0,,
147,,Canada West Coast_86,,FALSE,FALSE,0,,
148,,Canada West Coast_87,,FALSE,FALSE,0,,
149,,Canada West Coast_88,,FALSE,FALSE,0,,
150,,Canada West Coast_89,,FALSE,FALSE,0,,
151,,Canada West Coast_90,,FALSE,FALSE,0,,
152,,Canada West Coast_91,,FALSE,FALSE,0,,
153,,Canada West Coast_92,,FALSE,FALSE,0,,
154,,Canada West Coast_93,,FALSE,FALSE,0,,
155,,Canada West Coast_94,,FALSE,FALSE,0,,
156,,Canada West Coast_95,,FALSE,FALSE,0,,
157,,Canada West Coast_96,,FALSE,FALSE,0,,
158,,Canada West Coast_97,,FALSE,FALSE,0,,
159,,Canada West Coast_98,,FALSE,FALSE,0,,
160,,Canada West Coast_99,,FALSE,FALSE,0,,
161,,Canada West Coast_100,,FALSE,FALSE,0,,
162,,Canada West Coast_101,,FALSE,FALSE,0,,
163,,Canada West Coast_102,,FALSE,FALSE,0,,
164,,Canada West Coast_103,,FALSE,FALSE,0,,
165,,Canada West Coast_104,,FALSE,FALSE,0,,
166,,Canada West Coast_105,,FALSE,FALSE,0,,
167,,Canada West Coast_106,,FALSE,FALSE,0,,
168,,Canada West Coast_107,,FALSE,FALSE,0,,
169,,Canada West Coast_108,,FALSE,FALSE,0,,
170,,Canada West Coast_109,,FALSE,FALSE,0,,
171,,Canada West Coast_110,,FALSE,FALSE,0,,
172,,Canada West Coast_111,,FALSE,FALSE,0,,
209,,Canada West Coast_112,,FALSE,FALSE,0,,
210,,Canada West Coast_113,,FALSE,FALSE,0,,
211,,Canada West Coast_114,,FALSE,FALSE,0,,
212,,Canada West Coast_115,,FALSE,FALSE,0,,
213,,Canada West Coast_116,,FALSE,FALSE,0,,
214,,Canada West Coast_117,,FALSE,FALSE,0,,
215,,Canada West Coast_118,,FALSE,FALSE,0,,
216,,Canada West Coast_119,,FALSE,FALSE,0,,
217,,Canada West Coast_120,,FALSE,FALSE,0,,
218,,Canada West Coast_121,,FALSE,FALSE,0,,
219,,Canada West Coast_122,,FALSE,FALSE,0,,
220,,Canada West Coast_123,,FALSE,FALSE,0,,
221,,Canada West Coast_124,,FALSE,FALSE,0,,
222,,Canada West Coast_125,,FALSE,FALSE,0,,
223,,Canada West Coast_126,,FALSE,FALSE,0,,
224,,Canada West Coast_127,,FALSE,FALSE,0,,
225,,Canada West Coast_128,,FALSE,FALSE,0,,
226,,Canada West Coast_129,,FALSE,FALSE,0,,
227,,Canada West Coast_130,,FALSE,FALSE,0,,
228,,Canada West Coast_131,,FALSE,FALSE,0,,
229,,Canada West Coast_132,,FALSE,FALSE,0,,
230,,Canada West Coast_133,,FALSE,FALSE,0,,
231,,Canada West Coast_134,,FALSE,FALSE,0,,
232,,Canada West Coast_135,,FALSE,FALSE,0,,
233,,Canada West Coast_136,,FALSE,FALSE,0,,
234,,Canada West Coast_137,,FALSE,FALSE,0,,
235,,Canada West Coast_138,,FALSE,FALSE,0,,
236,,Canada West Coast_139,,FALSE,FALSE,0,,
237,,Canada West Coast_140,,FALSE,FALSE,0,,
238,,Canada West Coast_141,,FALSE,FALSE,0,,
239,,Canada West Coast_142,,FALSE,FALSE,0,,
240,,Canada West Coast_143,,FALSE,FALSE,0,,
241,,Canada West Coast_144,,FALSE,FALSE,0,,
242,,Canada West Coast_145,,FALSE,FALSE,0,,
243,,Canada West Coast_146,,FALSE,FALSE,0,,
244,,Canada West Coast_147,,FALSE,FALSE,0,,
245,,Canada West Coast_148,,FALSE,FALSE,0,,
246,,Canada West Coast_149,,FALSE,FALSE,0,,
247,,Canada West Coast_150,,FALSE,FALSE,0,,
248,,Canada West Coast_151,,FALSE,FALSE,0,,
249,,Canada West Coast_152,,FALSE,FALSE,0,,
250,,Canada West Coast_153,,FALSE,FALSE,0,,
251,,Canada West Coast_154,,FALSE,FALSE,0,,
252,,Canada West Coast_155,,FALSE,FALSE,0,,
253,,Canada West Coast_156,,FALSE,FALSE,0,,
254,,Canada West Coast_157,,FALSE,FALSE,0,,
255,,Canada West Coast_158,,FALSE,FALSE,0,,
256,,Canada West Coast_159,,FALSE,FALSE,0,,
257,,Canada West Coast_160,,FALSE,FALSE,0,,
258,,Canada West Coast_161,,FALSE,FALSE,0,,
259,,Canada West Coast_162,,FALSE,FALSE,0,,
260,,Canada West Coast_163,,FALSE,FALSE,0,,
261,,Canada West Coast_164,,FALSE,FALSE,0,,
262,,Canada West Coast_165,,FALSE,FALSE,0,,
263,,Canada West Coast_166,,FALSE,FALSE,0,,
264,,Canada West Coast_167,,FALSE,FALSE,0,,
265,,Canada West Coast_168,,FALSE,FALSE,0,,
266,,Canada West Coast_169,,FALSE,FALSE,0,,
267,,Canada West Coast_170,,FALSE,FALSE,0,,
268,,Canada West Coast_171,,FALSE,FALSE,0,,
269,,Canada West Coast_172,,FALSE,FALSE,0,,
270,,Canada West Coast_173,,FALSE,FALSE,0,,
271,,Canada West Coast_174,,FALSE,FALSE,0,,
272,,Canada West Coast_175,,FALSE,FALSE,0,,
273,,Canada West Coast_176,,FALSE,FALSE,0,,
274,,Canada West Coast_177,,FALSE,FALSE,0,,
275,,Canada West Coast_178,,FALSE,FALSE,0,,
276,,Canada West Coast_179,,FALSE,FALSE,0,,
277,,Canada West Coast_180,,FALSE,FALSE,0,,
278,,Canada West Coast_181,,FALSE,FALSE,0,,
279,,Canada West Coast_182,,FALSE,FALSE,0,,
280,,Canada West Coast_183,,FALSE,FALSE,0,,
281,,Canada West Coast_184,,FALSE,FALSE,0,,
282,,Canada West Coast_185,,FALSE,FALSE,0,,
283,,Canada West Coast_186,,FALSE,FALSE,0,,
284,,Canada West Coast_187,,FALSE,FALSE,0,,
285,,Canada West Coast_188,,FALSE,FALSE,0,,
286,,Canada West Coast_189,,FALSE,FALSE,0,,
287,,Canada West Coast_190,,FALSE,FALSE,0,,
288,,Canada West Coast_191,,FALSE,FALSE,0,,
289,,Canada West Coast_192,,FALSE,FALSE,0,,
290,,Canada West Coast_193,,FALSE,FALSE,0,,
291,,Canada West Coast_194,,FALSE,FALSE,0,,
292,,Canada West Coast_195,,FALSE,FALSE,0,,
293,,Canada West Coast_196,,FALSE,FALSE,0,,
294,,Canada West Coast_197,,FALSE,FALSE,0,,
295,,Canada West Coast_198,,FALSE,FALSE,0,,
296,,Canada West Coast_199,,FALSE,FALSE,0,,
297,,Canada West Coast_200,,FALSE,FALSE,0,,
298,,Canada West Coast_201,,FALSE,FALSE,0,,
299,,Canada West Coast_202,,FALSE,FALSE,0,,
300,,Canada West Coast_203,,FALSE,FALSE,0,,
301,,Canada West Coast_204,,FALSE,FALSE,0,,
302,,Canada West Coast_205,,FALSE,FALSE,0,,
303,,Canada West Coast_206,,FALSE,FALSE,0,,
304,,Canada West Coast_207,,FALSE,FALSE,0,,
305,,Canada West Coast_208,,FALSE,FALSE,0,,
306,,Canada West Coast_209,,FALSE,FALSE,0,,
307,,Canada West Coast_210,,FALSE,FALSE,0,,
308,,Canada West Coast_211,,FALSE,FALSE,0,,
309,,Canada West Coast_212,,FALSE,FALSE,0,,
310,,Canada West Coast_213,,FALSE,FALSE,0,,
311,,Canada West Coast_214,,FALSE,FALSE,0,,
312,,Canada West Coast_215,,FALSE,FALSE,0,,
313,,Canada West Coast_216,,FALSE,FALSE,0,,
314,,Canada West Coast_217,,FALSE,FALSE,0,,
315,,Canada West Coast_218,,FALSE,FALSE,0,,
316,,Canada West Coast_219,,FALSE,FALSE,0,,
317,,Canada West Coast_220,,FALSE,FALSE,0,,
318,,Canada West Coast_221,,FALSE,FALSE,0,,
319,,Canada West Coast_222,,FALSE,FALSE,0,,
320,,Canada West Coast_223,,FALSE,FALSE,0,,
321,,Canada West Coast_224,,FALSE,FALSE,0,,
322,,Canada West Coast_225,,FALSE,FALSE,0,,
323,,Canada West Coast_226,,FALSE,FALSE,0,,
324,,Canada West Coast_227,,FALSE,FALSE,0,,
325,,Canada West Coast_228,,FALSE,FALSE,0,,
326,,Canada West Coast_229,,FALSE,FALSE,0,,
327,,Canada West Coast_230,,FALSE,FALSE,0,,
328,,Canada West Coast_231,,FALSE,FALSE,0,,
329,,Canada West Coast_232,,FALSE,FALSE,0,,
330,,Canada West Coast_233,,FALSE,FALSE,0,,
331,,Canada West Coast_234,,FALSE,FALSE,0,,
332,,Canada West Coast_235,,FALSE,FALSE,0,,
333,,Canada West Coast_236,,FALSE,FALSE,0,,
334,,Canada West Coast_237,,FALSE,FALSE,0,,
335,,Canada West Coast_238,,FALSE,FALSE,0,,
336,,Canada West Coast_239,,FALSE,FALSE,0,,
337,,Canada West Coast_240,,FALSE,FALSE,0,,
338,,Canada West Coast_241,,FALSE,FALSE,0,,
339,,Canada West Coast_242,,FALSE,FALSE,0,,
340,,Canada West Coast_243,,FALSE,FALSE,0,,
341,,Canada West Coast_244,,FALSE,FALSE,0,,
342,,Canada West Coast_245,,FALSE,FALSE,0,,
343,,Canada West Coast_246,,FALSE,FALSE,0,,
344,,Canada West Coast_247,,FALSE,FALSE,0,,
345,,Canada West Coast_248,,FALSE,FALSE,0,,
346,,Canada West Coast_249,,FALSE,FALSE,0,,
347,,Canada West Coast_250,,FALSE,FALSE,0,,
348,,Canada West Coast_251,,FALSE,FALSE,0,,
349,,Canada West Coast_252,,FALSE,FALSE,0,,
350,,Canada West Coast_253,,FALSE,FALSE,0,,
351,,Canada West Coast_254,,FALSE,FALSE,0,,
352,,Canada West Coast_255,,FALSE,FALSE,0,,
353,,Canada West Coast_256,,FALSE,FALSE,0,,
354,,Canada West Coast_257,,FALSE,FALSE,0,,
355,,Canada West Coast_258,,FALSE,FALSE,0,,
356,,Canada West Coast_259,,FALSE,FALSE,0,,
357,,Canada West Coast_260,,FALSE,FALSE,0,,
358,,Canada West Coast_261,,FALSE,FALSE,0,,
359,,Canada West Coast_262,,FALSE,FALSE,0,,
360,,Canada West Coast_263,,FALSE,FALSE,0,,
361,,Canada West Coast_264,,FALSE,FALSE,0,,
362,,Canada West Coast_265,,FALSE,FALSE,0,,
363,,Canada West Coast_266,,FALSE,FALSE,0,,
364,,Canada West Coast_267,,FALSE,FALSE,0,,
365,,Canada West Coast_268,,FALSE,FALSE,0,,
366,,Canada West Coast_269,,FALSE,FALSE,0,,
367,,Canada West Coast_270,,FALSE,FALSE,0,,
368,,Canada West Coast_271,,FALSE,FALSE,0,,
369,,Canada West Coast_272,,FALSE,FALSE,0,,
370,,Canada West Coast_273,,FALSE,FALSE,0,,
371,,Canada West Coast_274,,FALSE,FALSE,0,,
372,,Canada West Coast_275,,FALSE,FALSE,0,,
373,,Canada West Coast_276,,FALSE,FALSE,0,,
374,,Canada West Coast_277,,FALSE,FALSE,0,,
375,,Canada West Coast_278,,FALSE,FALSE,0,,
376,,Canada West Coast_279,,FALSE,FALSE,0,,
382,,Canada West Coast_280,,FALSE,FALSE,0,,
383,,Canada West Coast_281,,FALSE,FALSE,0,,
384,,Canada West Coast_282,,FALSE,FALSE,0,,
385,,Canada West Coast_283,,FALSE,FALSE,0,,
386,,Canada West Coast_284,,FALSE,FALSE,0,,
387,,Canada West Coast_285,,FALSE,FALSE,0,,
173,,Canada West Coast_286,,FALSE,FALSE,0,,
174,,Canada West Coast_287,,FALSE,FALSE,0,,
175,,Canada West Coast_288,,FALSE,FALSE,0,,
176,,Canada West Coast_289,,FALSE,FALSE,0,,
177,,Canada West Coast_290,,FALSE,FALSE,0,,
178,,Canada West Coast_291,,FALSE,FALSE,0,,
179,,Canada West Coast_292,,FALSE,FALSE,0,,
180,,Canada West Coast_293,,FALSE,FALSE,0,,
181,,Canada West Coast_294,,FALSE,FALSE,0,,
182,,Canada West Coast_295,,FALSE,FALSE,0,,
183,,Canada West Coast_296,,FALSE,FALSE,0,,
184,,Canada West Coast_297,,FALSE,FALSE,0,,
185,,Canada West Coast_298,,FALSE,FALSE,0,,
186,,Canada West Coast_299,,FALSE,FALSE,0,,
187,,Canada West Coast_300,,FALSE,FALSE,0,,
188,,Canada West Coast_301,,FALSE,FALSE,0,,
189,,Canada West Coast_302,,FALSE,FALSE,0,,
190,,Canada West Coast_303,,FALSE,FALSE,0,,
191,,Canada West Coast_304,,FALSE,FALSE,0,,
192,,Canada West Coast_305,,FALSE,FALSE,0,,
193,,Canada West Coast_306,,FALSE,FALSE,0,,
388,,Canada West Coast_307,,FALSE,FALSE,0,,
389,,Canada West Coast_308,,FALSE,FALSE,0,,
390,,Canada West Coast_309,,FALSE,FALSE,0,,
391,,Canada West Coast_310,,FALSE,FALSE,0,,
392,,Canada West Coast_311,,FALSE,FALSE,0,,
393,,Canada West Coast_312,,FALSE,FALSE,0,,
394,,Canada West Coast_313,,FALSE,FALSE,0,,
395,,Canada West Coast_314,,FALSE,FALSE,0,,
396,,Canada West Coast_315,,FALSE,FALSE,0,,
397,,Canada West Coast_316,,FALSE,FALSE,0,,
398,,Canada West Coast_317,,FALSE,FALSE,0,,
399,,Canada West Coast_318,,FALSE,FALSE,0,,
400,,Canada West Coast_319,,FALSE,FALSE,0,,
401,,Canada West Coast_320,,FALSE,FALSE,0,,
402,,Canada West Coast_321,,FALSE,FALSE,0,,
403,,Canada West Coast_322,,FALSE,FALSE,0,,
404,,Canada West Coast_323,,FALSE,FALSE,0,,
405,,Canada West Coast_324,,FALSE,FALSE,0,,
406,,Canada West Coast_325,,FALSE,FALSE,0,,
407,,Canada West Coast_326,,FALSE,FALSE,0,,
408,,Canada West Coast_327,,FALSE,FALSE,0,,
409,,Canada West Coast_328,,FALSE,FALSE,0,,
410,,Canada West Coast_329,,FALSE,FALSE,0,,
411,,Canada West Coast_330,,FALSE,FALSE,0,,
412,,Canada West Coast_331,,FALSE,FALSE,0,,
413,,Canada West Coast_332,,FALSE,FALSE,0,,
414,,Canada West Coast_333,,FALSE,FALSE,0,,
415,,Canada West Coast_334,,FALSE,FALSE,0,,
416,,Canada West Coast_335,,FALSE,FALSE,0,,
417,,Canada West Coast_336,,FALSE,FALSE,0,,
418,,Canada West Coast_337,,FALSE,FALSE,0,,
419,,Canada West Coast_338,,FALSE,FALSE,0,,
420,,Canada West Coast_339,,FALSE,FALSE,0,,
421,,Canada West Coast_340,,FALSE,FALSE,0,,
422,,Canada West Coast_341,,FALSE,FALSE,0,,
423,,Canada West Coast_342,,FALSE,FALSE,0,,
424,,Canada West Coast_343,,FALSE,FALSE,0,,
425,,Canada West Coast_344,,FALSE,FALSE,0,,
426,,Canada West Coast_345,,FALSE,FALSE,0,,
427,,Canada West Coast_346,,FALSE,FALSE,0,,
428,,Canada West Coast_347,,FALSE,FALSE,0,,
429,,Canada West Coast_348,,FALSE,FALSE,0,,
430,,Canada West Coast_349,,FALSE,FALSE,0,,
431,,Canada West Coast_350,,FALSE,FALSE,0,,
432,,Canada West Coast_351,,FALSE,FALSE,0,,
433,,Canada West Coast_352,,FALSE,FALSE,0,,
434,,Canada West Coast_353,,FALSE,FALSE,0,,
435,,Canada West Coast_354,,FALSE,FALSE,0,,
436,,Canada West Coast_355,,FALSE,FALSE,0,,
437,,Canada West Coast_356,,FALSE,FALSE,0,,
438,,Canada West Coast_357,,FALSE,FALSE,0,,
439,,Canada West Coast_358,,FALSE,FALSE,0,,
440,,Canada West Coast_359,,FALSE,FALSE,0,,
441,,Canada West Coast_360,,FALSE,FALSE,0,,
442,,Canada West Coast_361,,FALSE,FALSE,0,,
443,,Canada West Coast_362,,FALSE,FALSE,0,,
444,,Canada West Coast_363,,FALSE,FALSE,0,,
445,,Canada West Coast_364,,FALSE,FALSE,0,,
446,,Canada West Coast_365,,FALSE,FALSE,0,,
447,,Canada West Coast_366,,FALSE,FALSE,0,,
448,,Canada West Coast_367,,FALSE,FALSE,0,,
449,,Canada West Coast_368,,FALSE,FALSE,0,,
450,,Canada West Coast_369,,FALSE,FALSE,0,,
451,,Canada West Coast_370,,FALSE,FALSE,0,,
452,,Canada West Coast_371,,FALSE,FALSE,0,,
453,,Canada West Coast_372,,FALSE,FALSE,0,,
454,,Canada West Coast_373,,FALSE,FALSE,0,,
455,,Canada West Coast_374,,FALSE,FALSE,0,,
456,,Canada West Coast_375,,FALSE,FALSE,0,,
457,,Canada West Coast_376,,FALSE,FALSE,0,,
458,,Canada West Coast_377,,FALSE,FALSE,0,,
459,,Canada West Coast_378,,FALSE,FALSE,0,,
460,,Canada West Coast_379,,FALSE,FALSE,0,,
461,,Canada West Coast_380,,FALSE,FALSE,0,,
462,,Canada West Coast_381,,FALSE,FALSE,0,,
463,,Canada West Coast_382,,FALSE,FALSE,0,,
464,,Canada West Coast_383,,FALSE,FALSE,0,,
465,,Canada West Coast_384,,FALSE,FALSE,0,,
466,,Canada West Coast_385,,FALSE,FALSE,0,,
467,,Canada West Coast_386,,FALSE,FALSE,0,,
468,,Canada West Coast_387,,FALSE,FALSE,0,,
469,,Canada West Coast_388,,FALSE,FALSE,0,,
470,,Canada West Coast_389,,FALSE,FALSE,0,,
471,,Canada West Coast_390,,FALSE,FALSE,0,,
472,,Canada West Coast_391,,FALSE,FALSE,0,,
473,,Canada West Coast_392,,FALSE,FALSE,0,,
474,,Canada West Coast_393,,FALSE,FALSE,0,,
475,,Canada West Coast_394,,FALSE,FALSE,0,,
476,,Canada West Coast_395,,FALSE,FALSE,0,,
477,,Canada West Coast_396,,FALSE,FALSE,0,,
478,,Canada West Coast_397,,FALSE,FALSE,0,,
479,,Canada West Coast_398,,FALSE,FALSE,0,,
480,,Canada West Coast_399,,FALSE,FALSE,0,,
481,,Canada West Coast_400,,FALSE,FALSE,0,,
482,,Canada West Coast_401,,FALSE,FALSE,0,,
483,,Canada West Coast_402,,FALSE,FALSE,0,,
484,,Canada West Coast_403,,FALSE,FALSE,0,,
485,,Canada West Coast_404,,FALSE,FALSE,0,,
486,,Canada West Coast_405,,FALSE,FALSE,0,,
487,,Canada West Coast_406,,FALSE,FALSE,0,,
488,,Canada West Coast_407,,FALSE,FALSE,0,,
489,,Canada West Coast_408,,FALSE,FALSE,0,,
490,,Canada West Coast_409,,FALSE,FALSE,0,,
491,,Canada West Coast_410,,FALSE,FALSE,0,,
492,,Canada West Coast_411,,FALSE,FALSE,0,,
493,,Canada West Coast_412,,FALSE,FALSE,0,,
494,,Canada West Coast_413,,FALSE,FALSE,0,,
495,,Canada West Coast_414,,FALSE,FALSE,0,,
496,,Canada West Coast_415,,FALSE,FALSE,0,,
497,,Canada West Coast_416,,FALSE,FALSE,0,,
498,,Canada West Coast_417,,FALSE,FALSE,0,,
499,,Canada West Coast_418,,FALSE,FALSE,0,,
500,,Canada West Coast_419,,FALSE,FALSE,0,,
501,,Canada West Coast_420,,FALSE,FALSE,0,,
502,,Canada West Coast_421,,FALSE,FALSE,0,,
503,,Canada West Coast_422,,FALSE,FALSE,0,,
504,,Canada West Coast_423,,FALSE,FALSE,0,,
505,,Canada West Coast_424,,FALSE,FALSE,0,,
506,,Canada West Coast_425,,FALSE,FALSE,0,,
507,,Canada West Coast_426,,FALSE,FALSE,0,,
508,,Canada West Coast_427,,FALSE,FALSE,0,,
509,,Canada West Coast_428,,FALSE,FALSE,0,,
510,,Canada West Coast_429,,FALSE,FALSE,0,,
511,,Canada West Coast_430,,FALSE,FALSE,0,,
512,,Canada West Coast_431,,FALSE,FALSE,0,,
513,,Canada West Coast_432,,FALSE,FALSE,0,,
514,,Canada West Coast_433,,FALSE,FALSE,0,,
515,,Canada West Coast_434,,FALSE,FALSE,0,,
516,,Canada West Coast_435,,FALSE,FALSE,0,,
517,,Canada West Coast_436,,FALSE,FALSE,0,,
518,,Canada West Coast_437,,FALSE,FALSE,0,,
519,,Canada West Coast_438,,FALSE,FALSE,0,,
520,,Canada West Coast_439,,FALSE,FALSE,0,,
521,,Canada West Coast_440,,FALSE,FALSE,0,,
522,,Canada West Coast_441,,FALSE,FALSE,0,,
523,,Canada West Coast_442,,FALSE,FALSE,0,,
524,,Canada West Coast_443,,FALSE,FALSE,0,,
525,,Canada West Coast_444,,FALSE,FALSE,0,,
526,,Canada West Coast_445,,FALSE,FALSE,0,,
527,,Canada West Coast_446,,FALSE,FALSE,0,,
528,,Canada West Coast_447,,FALSE,FALSE,0,,
529,,Canada West Coast_448,,FALSE,FALSE,0,,
530,,Canada West Coast_449,,FALSE,FALSE,0,,
531,,Canada West Coast_450,,FALSE,FALSE,0,,
532,,Canada West Coast_451,,FALSE,FALSE,0,,
533,,Canada West Coast_452,,FALSE,FALSE,0,,
534,,Canada West Coast_453,,FALSE,FALSE,0,,
535,,Canada West Coast_454,,FALSE,FALSE,0,,
536,,Canada West Coast_455,,FALSE,FALSE,0,,
537,,Canada West Coast_456,,FALSE,FALSE,0,,
538,,Canada West Coast_457,,FALSE,FALSE,0,,
539,,Canada West Coast_458,,FALSE,FALSE,0,,
540,,Canada West Coast_459,,FALSE,FALSE,0,,
541,,Canada West Coast_460,,FALSE,FALSE,0,,
542,,Canada West Coast_461,,FALSE,FALSE,0,,
543,,Canada West Coast_462,,FALSE,FALSE,0,,
544,,Canada West Coast_463,,FALSE,FALSE,0,,
545,,Canada West Coast_464,,FALSE,FALSE,0,,
546,,Canada West Coast_465,,FALSE,FALSE,0,,
377,,Canada West Coast_466,,FALSE,FALSE,0,,
378,,Canada West Coast_467,,FALSE,FALSE,0,,
379,,Canada West Coast_468,,FALSE,FALSE,0,,
380,,Canada West Coast_469,,FALSE,FALSE,0,,
381,,Canada West Coast_470,,FALSE,FALSE,0,,
547,,Canada West Coast_471,,FALSE,FALSE,0,,
548,,Canada West Coast_472,,FALSE,FALSE,0,,
194,,Canada West Coast_473,,FALSE,FALSE,0,,
195,,Canada West Coast_474,,FALSE,FALSE,0,,
196,,Canada West Coast_475,,FALSE,FALSE,0,,
197,,Canada West Coast_476,,FALSE,FALSE,0,,
198,,Canada West Coast_477,,FALSE,FALSE,0,,
199,,Canada West Coast_478,,FALSE,FALSE,0,,
200,,Canada West Coast_479,,FALSE,FALSE,0,,
201,,Canada West Coast_480,,FALSE,FALSE,0,,
202,,Canada West Coast_481,,FALSE,FALSE,0,,
203,,Canada West Coast_482,,FALSE,FALSE,0,,
204,,Canada West Coast_483,,FALSE,FALSE,0,,
205,,Canada West Coast_484,,FALSE,FALSE,0,,
206,,Canada West Coast_485,,FALSE,FALSE,0,,
207,,Canada West Coast_486,,FALSE,FALSE,0,,
208,,Canada West Coast_487,,FALSE,FALSE,0,,
549,,Canada West Coast_488,,FALSE,FALSE,0,,
550,,Canada West Coast_489,,FALSE,FALSE,0,,
551,,Canada West Coast_490,,FALSE,FALSE,0,,
552,,Canada West Coast_491,,FALSE,FALSE,0,,
553,,Canada West Coast_492,,FALSE,FALSE,0,,
554,,Canada West Coast_493,,FALSE,FALSE,0,,
555,,Canada West Coast_494,,FALSE,FALSE,0,,
556,,Canada West Coast_495,,FALSE,FALSE,0,,
557,,Canada West Coast_496,,FALSE,FALSE,0,,
558,,Canada West Coast_497,,FALSE,FALSE,0,,
559,,Canada West Coast_498,,FALSE,FALSE,0,,
560,,Canada West Coast_499,,FALSE,FALSE,0,,
561,,Canada West Coast_500,,FALSE,FALSE,0,,
562,,Canada West Coast_501,,FALSE,FALSE,0,,
563,,Canada West Coast_502,,FALSE,FALSE,0,,
564,,Canada West Coast_503,,FALSE,FALSE,0,,
565,,Canada West Coast_504,,FALSE,FALSE,0,,
566,,Canada West Coast_505,,FALSE,FALSE,0,,
567,,Canada West Coast_506,,FALSE,FALSE,0,,
568,,Canada West Coast_507,,FALSE,FALSE,0,,
569,,Canada West Coast_508,,FALSE,FALSE,0,,
570,,Canada West Coast_509,,FALSE,FALSE,0,,
571,,Canada West Coast_510,,FALSE,FALSE,0,,
572,,Canada West Coast_511,,FALSE,FALSE,0,,
573,,Canada West Coast_512,,FALSE,FALSE,0,,
574,,Canada West Coast_513,,FALSE,FALSE,0,,
575,,Canada West Coast_514,,FALSE,FALSE,0,,
576,,Canada West Coast_515,,FALSE,FALSE,0,,
577,,Canada West Coast_516,,FALSE,FALSE,0,,
578,,Canada West Coast_517,,FALSE,FALSE,0,,
579,,Canada West Coast_518,,FALSE,FALSE,0,,
580,,Canada West Coast_519,,FALSE,FALSE,0,,
581,,Canada West Coast_520,,FALSE,FALSE,0,,
582,,Canada West Coast_521,,FALSE,FALSE,0,,
583,,Canada West Coast_522,,FALSE,FALSE,0,,
584,,Canada West Coast_523,,FALSE,FALSE,0,,
585,,Canada West Coast_524,,FALSE,FALSE,0,,
586,,Canada West Coast_525,,FALSE,FALSE,0,,
587,,Canada West Coast_526,,FALSE,FALSE,0,,
588,,Canada West Coast_527,,FALSE,FALSE,0,,
589,,Canada West Coast_528,,FALSE,FALSE,0,,
590,,Canada West Coast_529,,FALSE,FALSE,0,,
591,,Canada West Coast_530,,FALSE,FALSE,0,,
592,,Canada West Coast_531,,FALSE,FALSE,0,,
593,,Canada West Coast_532,,FALSE,FALSE,0,,
594,,Canada West Coast_533,,FALSE,FALSE,0,,
595,,Canada West Coast_534,,FALSE,FALSE,0,,
596,,Canada West Coast_535,,FALSE,FALSE,0,,
597,,Canada West Coast_536,,FALSE,FALSE,0,,
598,,Canada West Coast_537,,FALSE,FALSE,0,,
599,,Canada West Coast_538,,FALSE,FALSE,0,,
600,,Canada West Coast_539,,FALSE,FALSE,0,,
601,,Canada West Coast_540,,FALSE,FALSE,0,,
602,,Canada West Coast_541,,FALSE,FALSE,0,,
603,,Canada West Coast_542,,FALSE,FALSE,0,,
604,,Canada West Coast_543,,FALSE,FALSE,0,,
605,,Canada West Coast_544,,FALSE,FALSE,0,,
606,,Canada West Coast_545,,FALSE,FALSE,0,,
607,,Canada West Coast_546,,FALSE,FALSE,0,,
608,,Canada West Coast_547,,FALSE,FALSE,0,,
609,,Canada West Coast_548,,FALSE,FALSE,0,,
610,,Canada West Coast_549,,FALSE,FALSE,0,,
611,,Canada West Coast_550,,FALSE,FALSE,0,,
612,,Canada West Coast_551,,FALSE,FALSE,0,,
613,,Canada West Coast_552,,FALSE,FALSE,0,,
614,,Canada West Coast_553,,FALSE,FALSE,0,,
615,,Canada West Coast_554,,FALSE,FALSE,0,,
616,,Canada West Coast_555,,FALSE,FALSE,0,,
617,,Canada West Coast_556,,FALSE,FALSE,0,,
618,,Canada West Coast_557,,FALSE,FALSE,0,,
619,,Canada West Coast_558,,FALSE,FALSE,0,,
620,,Canada West Coast_559,,FALSE,FALSE,0,,
621,,Canada West Coast_560,,FALSE,FALSE,0,,
622,,Canada West Coast_561,,FALSE,FALSE,0,,
623,,Canada West Coast_562,,FALSE,FALSE,0,,
624,,Canada West Coast_563,,FALSE,FALSE,0,,
625,,Canada West Coast_564,,FALSE,FALSE,0,,
626,,Canada West Coast_565,,FALSE,FALSE,0,,
627,,Canada West Coast_566,,FALSE,FALSE,0,,
628,,Canada West Coast_567,,FALSE,FALSE,0,,
629,,Canada West Coast_568,,FALSE,FALSE,0,,
630,,Canada West Coast_569,,FALSE,FALSE,0,,
631,,Canada West Coast_570,,FALSE,FALSE,0,,
632,,Canada West Coast_571,,FALSE,FALSE,0,,
633,,Canada West Coast_572,,FALSE,FALSE,0,,
634,,Canada West Coast_573,,FALSE,FALSE,0,,
635,,Canada West Coast_574,,FALSE,FALSE,0,,
636,,Canada West Coast_575,,FALSE,FALSE,0,,
637,,Canada West Coast_576,,FALSE,FALSE,0,,
638,,Canada West Coast_577,,FALSE,FALSE,0,,
639,,Canada West Coast_578,,FALSE,FALSE,0,,
640,,Canada West Coast_579,,FALSE,FALSE,0,,
641,,Canada West Coast_580,,FALSE,FALSE,0,,
642,,Canada West Coast_581,,FALSE,FALSE,0,,
643,,Canada West Coast_582,,FALSE,FALSE,0,,
644,,Canada West Coast_583,,FALSE,FALSE,0,,
645,,Canada West Coast_584,,FALSE,FALSE,0,,
646,,Canada West Coast_585,,FALSE,FALSE,0,,
647,,Canada West Coast_586,,FALSE,FALSE,0,,
648,,Canada West Coast_587,,FALSE,FALSE,0,,
649,,Canada West Coast_588,,FALSE,FALSE,0,,
650,,Canada West Coast_589,,FALSE,FALSE,0,,
651,,Canada West Coast_590,,FALSE,FALSE,0,,
652,,Canada West Coast_591,,FALSE,FALSE,0,,
653,,Canada West Coast_592,,FALSE,FALSE,0,,
654,,Canada West Coast_593,,FALSE,FALSE,0,,
655,,Canada West Coast_594,,FALSE,FALSE,0,,
656,,Canada West Coast_595,,FALSE,FALSE,0,,
657,,Canada West Coast_596,,FALSE,FALSE,0,,
658,,Canada West Coast_597,,FALSE,FALSE,0,,
659,,Canada West Coast_598,,FALSE,FALSE,0,,
660,,Canada West Coast_599,,FALSE,FALSE,0,,
661,,Canada West Coast_600,,FALSE,FALSE,0,,
662,,Canada West Coast_601,,FALSE,FALSE,0,,
663,,Canada West Coast_602,,FALSE,FALSE,0,,
664,,Canada West Coast_603,,FALSE,FALSE,0,,
665,,Canada West Coast_604,,FALSE,FALSE,0,,
666,,Canada West Coast_605,,FALSE,FALSE,0,,
667,,Canada West Coast_606,,FALSE,FALSE,0,,
668,,Canada West Coast_607,,FALSE,FALSE,0,,
669,,Canada West Coast_608,,FALSE,FALSE,0,,
670,,Canada West Coast_609,,FALSE,FALSE,0,,
671,,Canada West Coast_610,,FALSE,FALSE,0,,
672,,Canada West Coast_611,,FALSE,FALSE,0,,
673,,Canada West Coast_612,,FALSE,FALSE,0,,
674,,Canada West Coast_613,,FALSE,FALSE,0,,
675,,Canada West Coast_614,,FALSE,FALSE,0,,
676,,Canada West Coast_615,,FALSE,FALSE,0,,
677,,Canada West Coast_616,,FALSE,FALSE,0,,
678,,Canada West Coast_617,,FALSE,FALSE,0,,
679,,Canada West Coast_618,,FALSE,FALSE,0,,
680,,Canada West Coast_619,,FALSE,FALSE,0,,
681,,Canada West Coast_620,,FALSE,FALSE,0,,
682,,Canada West Coast_621,,FALSE,FALSE,0,,
683,,Canada West Coast_622,,FALSE,FALSE,0,,
684,,Canada West Coast_623,,FALSE,FALSE,0,,
685,,Canada West Coast_624,,FALSE,FALSE,0,,
686,,Canada West Coast_625,,FALSE,FALSE,0,,
687,,Canada West Coast_626,,FALSE,FALSE,0,,
688,,Canada West Coast_627,,FALSE,FALSE,0,,
689,,Canada West Coast_628,,FALSE,FALSE,0,,
690,,Canada West Coast_629,,FALSE,FALSE,0,,
691,,Canada West Coast_630,,FALSE,FALSE,0,,
692,,Canada West Coast_631,,FALSE,FALSE,0,,
693,,Canada West Coast_632,,FALSE,FALSE,0,,
694,,Canada West Coast_633,,FALSE,FALSE,0,,
695,,Canada West Coast_634,,FALSE,FALSE,0,,
696,,Canada West Coast_635,,FALSE,FALSE,0,,
697,,Canada West Coast_636,,FALSE,FALSE,0,,
698,,Canada West Coast_637,,FALSE,FALSE,0,,
699,,Canada West Coast_638,,FALSE,FALSE,0,,
700,,Canada West Coast_639,,FALSE,FALSE,0,,
714,,Canada West Coast_640,Douglas Channel Slide A,FALSE,FALSE,0,,
715,,Canada West Coast_641,,FALSE,FALSE,0,,
716,,Canada West Coast_642,,FALSE,FALSE,0,,
717,,Canada West Coast_643,,FALSE,FALSE,0,,
718,,Canada West Coast_644,,FALSE,FALSE,0,,
719,,Canada West Coast_645,,FALSE,FALSE,0,,
720,,Canada West Coast_646,,FALSE,FALSE,0,,
721,,Canada West Coast_647,,FALSE,FALSE,0,,
722,,Canada West Coast_648,,FALSE,FALSE,0,,
723,,Canada West Coast_649,,FALSE,FALSE,0,,
724,,Canada West Coast_650,,FALSE,FALSE,0,,
725,,Canada West Coast_651,,FALSE,FALSE,0,,
726,,Canada West Coast_652,,FALSE,FALSE,0,,
727,,Canada West Coast_653,,FALSE,FALSE,0,,
728,,Canada West Coast_654,,FALSE,FALSE,0,,
729,,Canada West Coast_655,,FALSE,FALSE,0,,
730,,Canada West Coast_656,,FALSE,FALSE,0,,
731,,Canada West Coast_657,,FALSE,FALSE,0,,
732,,Canada West Coast_658,,FALSE,FALSE,0,,
733,,Canada West Coast_659,,FALSE,FALSE,0,,
734,,Canada West Coast_660,,FALSE,FALSE,0,,
735,,Canada West Coast_661,,FALSE,FALSE,0,,
736,,Canada West Coast_662,,FALSE,FALSE,0,,
737,,Canada West Coast_663,,FALSE,FALSE,0,,
738,,Canada West Coast_664,,FALSE,FALSE,0,,
739,,Canada West Coast_665,,FALSE,FALSE,0,,
740,,Canada West Coast_666,,FALSE,FALSE,0,,
741,,Canada West Coast_667,,FALSE,FALSE,0,,
742,,Canada West Coast_668,,FALSE,FALSE,0,,
743,,Canada West Coast_669,,FALSE,FALSE,0,,
744,,Canada West Coast_670,,FALSE,FALSE,0,,
745,,Canada West Coast_671,,FALSE,FALSE,0,,
746,,Canada West Coast_672,,FALSE,FALSE,0,,
747,,Canada West Coast_673,,FALSE,FALSE,0,,
748,,Canada West Coast_674,,FALSE,FALSE,0,,
749,,Canada West Coast_675,,FALSE,FALSE,0,,
750,,Canada West Coast_676,,FALSE,FALSE,0,,
751,,Canada West Coast_677,,FALSE,FALSE,0,,
752,,Canada West Coast_678,,FALSE,FALSE,0,,
753,,Canada West Coast_679,,FALSE,FALSE,0,,
754,,Canada West Coast_680,,FALSE,FALSE,0,,
755,,Canada West Coast_681,,FALSE,FALSE,0,,
756,,Canada West Coast_682,,FALSE,FALSE,0,,
757,,Canada West Coast_683,,FALSE,FALSE,0,,
758,,Canada West Coast_684,,FALSE,FALSE,0,,
759,,Canada West Coast_685,,FALSE,FALSE,0,,
760,,Canada West Coast_686,,FALSE,FALSE,0,,
761,,Canada West Coast_687,,FALSE,FALSE,0,,
762,,Canada West Coast_688,,FALSE,FALSE,0,,
763,,Canada West Coast_689,,FALSE,FALSE,0,,
764,,Canada West Coast_690,,FALSE,FALSE,0,,
765,,Canada West Coast_691,,FALSE,FALSE,0,,
766,,Canada West Coast_692,,FALSE,FALSE,0,,
767,,Canada West Coast_693,,FALSE,FALSE,0,,
768,,Canada West Coast_694,,FALSE,FALSE,0,,
769,,Canada West Coast_695,,FALSE,FALSE,0,,
770,,Canada West Coast_696,,FALSE,FALSE,0,,
771,,Canada West Coast_697,,FALSE,FALSE,0,,
772,,Canada West Coast_698,,FALSE,FALSE,0,,
773,,Canada West Coast_699,,FALSE,FALSE,0,,
774,,Canada West Coast_700,,FALSE,FALSE,0,,
775,,Canada West Coast_701,,FALSE,FALSE,0,,
776,,Canada West Coast_702,,FALSE,FALSE,0,,
777,,Canada West Coast_703,,FALSE,FALSE,0,,
778,,Canada West Coast_704,,FALSE,FALSE,0,,
779,,Canada West Coast_705,,FALSE,FALSE,0,,
780,,Canada West Coast_706,,FALSE,FALSE,0,,
781,,Canada West Coast_707,,FALSE,FALSE,0,,
782,,Canada West Coast_708,,FALSE,FALSE,0,,
783,,Canada West Coast_709,,FALSE,FALSE,0,,
784,,Canada West Coast_710,,FALSE,FALSE,0,,
785,,Canada West Coast_711,,FALSE,FALSE,0,,
786,,Canada West Coast_712,,FALSE,FALSE,0,,
787,,Canada West Coast_713,,FALSE,FALSE,0,,
788,,Canada West Coast_714,,FALSE,FALSE,0,,
789,,Canada West Coast_715,,FALSE,FALSE,0,,
790,,Canada West Coast_716,,FALSE,FALSE,0,,
791,,Canada West Coast_717,,FALSE,FALSE,0,,
792,,Canada West Coast_718,,FALSE,FALSE,0,,
793,,Canada West Coast_719,,FALSE,FALSE,0,,
794,,Canada West Coast_720,,FALSE,FALSE,0,,
795,,Canada West Coast_721,,FALSE,FALSE,0,,
796,,Canada West Coast_722,,FALSE,FALSE,0,,
797,,Canada West Coast_723,,FALSE,FALSE,0,,
798,,Canada West Coast_724,,FALSE,FALSE,0,,
799,,Canada West Coast_725,,FALSE,FALSE,0,,
800,,Canada West Coast_726,,FALSE,FALSE,0,,
801,,Canada West Coast_727,,FALSE,FALSE,0,,
802,,Canada West Coast_728,,FALSE,FALSE,0,,
803,,Canada West Coast_729,,FALSE,FALSE,0,,
804,,Canada West Coast_730,,FALSE,FALSE,0,,
805,,Canada West Coast_731,,FALSE,FALSE,0,,
806,,Canada West Coast_732,,FALSE,FALSE,0,,
807,,Canada West Coast_733,,FALSE,FALSE,0,,
808,,Canada West Coast_734,,FALSE,FALSE,0,,
809,,Canada West Coast_735,,FALSE,FALSE,0,,
810,,Canada West Coast_736,,FALSE,FALSE,0,,
811,,Canada West Coast_737,,FALSE,FALSE,0,,
812,,Canada West Coast_738,,FALSE,FALSE,0,,
813,,Canada West Coast_739,,FALSE,FALSE,0,,
814,,Canada West Coast_740,,FALSE,FALSE,0,,
815,,Canada West Coast_741,,FALSE,FALSE,0,,
816,,Canada West Coast_742,,FALSE,FALSE,0,,
817,,Canada West Coast_743,,FALSE,FALSE,0,,
818,,Canada West Coast_744,,FALSE,FALSE,0,,
819,,Canada West Coast_745,,FALSE,FALSE,0,,
820,,Canada West Coast_746,,FALSE,FALSE,0,,
821,,Canada West Coast_747,,FALSE,FALSE,0,,
822,,Canada West Coast_748,,FALSE,FALSE,0,,
823,,Canada West Coast_749,,FALSE,FALSE,0,,
824,,Canada West Coast_750,,FALSE,FALSE,0,,
825,,Canada West Coast_751,,FALSE,FALSE,0,,
826,,Canada West Coast_752,,FALSE,FALSE,0,,
827,,Canada West Coast_753,,FALSE,FALSE,0,,
828,,Canada West Coast_754,,FALSE,FALSE,0,,
829,,Canada West Coast_755,,FALSE,FALSE,0,,
830,,Canada West Coast_756,,FALSE,FALSE,0,,
831,,Canada West Coast_757,,FALSE,FALSE,0,,
832,,Canada West Coast_758,,FALSE,FALSE,0,,
833,,Canada West Coast_759,,FALSE,FALSE,0,,
834,,Canada West Coast_760,,FALSE,FALSE,0,,
835,,Canada West Coast_761,,FALSE,FALSE,0,,
836,,Canada West Coast_762,,FALSE,FALSE,0,,
837,,Canada West Coast_763,,FALSE,FALSE,0,,
838,,Canada West Coast_764,,FALSE,FALSE,0,,
839,,Canada West Coast_765,,FALSE,FALSE,0,,
840,,Canada West Coast_766,,FALSE,FALSE,0,,
841,,Canada West Coast_767,,FALSE,FALSE,0,,
842,,Canada West Coast_768,,FALSE,FALSE,0,,
843,,Canada West Coast_769,,FALSE,FALSE,0,,
844,,Canada West Coast_770,,FALSE,FALSE,0,,
845,,Canada West Coast_771,,FALSE,FALSE,0,,
846,,Canada West Coast_772,,FALSE,FALSE,0,,
847,,Canada West Coast_773,,FALSE,FALSE,0,,
848,,Canada West Coast_774,,FALSE,FALSE,0,,
849,,Canada West Coast_775,,FALSE,FALSE,0,,
850,,Canada West Coast_776,,FALSE,FALSE,0,,
851,,Canada West Coast_777,,FALSE,FALSE,0,,
852,,Canada West Coast_778,,FALSE,FALSE,0,,
853,,Canada West Coast_779,,FALSE,FALSE,0,,
854,,Canada West Coast_780,,FALSE,FALSE,0,,
855,,Canada West Coast_781,,FALSE,FALSE,0,,
856,,Canada West Coast_782,,FALSE,FALSE,0,,
857,,Canada West Coast_783,,FALSE,FALSE,0,,
858,,Canada West Coast_784,,FALSE,FALSE,0,,
859,,Canada West Coast_785,,FALSE,FALSE,0,,
860,,Canada West Coast_786,,FALSE,FALSE,0,,
861,,Canada West Coast_787,,FALSE,FALSE,0,,
862,,Canada West Coast_788,,FALSE,FALSE,0,,
701,,Canada West Coast_789,,FALSE,FALSE,0,,
702,,Canada West Coast_790,,FALSE,FALSE,0,,
703,,Canada West Coast_791,,FALSE,FALSE,0,,
704,,Canada West Coast_792,,FALSE,FALSE,0,,
705,,Canada West Coast_793,,FALSE,FALSE,0,,
706,,Canada West Coast_794,,FALSE,FALSE,0,,
707,,Canada West Coast_795,,FALSE,FALSE,0,,
708,,Canada West Coast_796,,FALSE,FALSE,0,,
709,,Canada West Coast_797,,FALSE,FALSE,0,,
710,,Canada West Coast_798,,FALSE,FALSE,0,,
711,,Canada West Coast_799,,FALSE,FALSE,0,,
712,,Canada West Coast_800,,FALSE,FALSE,0,,
713,,Canada West Coast_801,,FALSE,FALSE,0,,
863,,Canada West Coast_802,,FALSE,FALSE,0,,
864,,Canada West Coast_803,,FALSE,FALSE,0,,
865,,Canada West Coast_804,,FALSE,FALSE,0,,
866,,Canada West Coast_805,,FALSE,FALSE,0,,
867,,Canada West Coast_806,,FALSE,FALSE,0,,
868,,Canada West Coast_807,,FALSE,FALSE,0,,
869,,Canada West Coast_808,,FALSE,FALSE,0,,
870,,Canada West Coast_809,,FALSE,FALSE,0,,
871,,Canada West Coast_810,,FALSE,FALSE,0,,
872,,Canada West Coast_811,,FALSE,FALSE,0,,
873,,Canada West Coast_812,,FALSE,FALSE,0,,
874,,Canada West Coast_813,,FALSE,FALSE,0,,
875,,Canada West Coast_814,,FALSE,FALSE,0,,
876,,Canada West Coast_815,,FALSE,FALSE,0,,
877,,Canada West Coast_816,,FALSE,FALSE,0,,
878,,Canada West Coast_817,,FALSE,FALSE,0,,
879,,Canada West Coast_818,,FALSE,FALSE,0,,
880,,Canada West Coast_819,,FALSE,FALSE,0,,
881,,Canada West Coast_820,,FALSE,FALSE,0,,
882,,Canada West Coast_821,,FALSE,FALSE,0,,
883,,Canada West Coast_822,,FALSE,FALSE,0,,
884,,Canada West Coast_823,,FALSE,FALSE,0,,
885,,Canada West Coast_824,,FALSE,FALSE,0,,
886,,Canada West Coast_825,,FALSE,FALSE,0,,
887,,Canada West Coast_826,,FALSE,FALSE,0,,
888,,Canada West Coast_827,,FALSE,FALSE,0,,
889,,Canada West Coast_828,,FALSE,FALSE,0,,
890,,Canada West Coast_829,,FALSE,FALSE,0,,
891,,Canada West Coast_830,,FALSE,FALSE,0,,
892,,Canada West Coast_831,,FALSE,FALSE,0,,
893,,Canada West Coast_832,,FALSE,FALSE,0,,
894,,Canada West Coast_833,,FALSE,FALSE,0,,
895,,Canada West Coast_834,,FALSE,FALSE,0,,
896,,Canada West Coast_835,,FALSE,FALSE,0,,
897,,Canada West Coast_836,,FALSE,FALSE,0,,
898,,Canada West Coast_837,,FALSE,FALSE,0,,
899,,Canada West Coast_838,,FALSE,FALSE,0,,
900,,Canada West Coast_839,,FALSE,FALSE,0,,
901,,Canada West Coast_840,,FALSE,FALSE,0,,
902,,Canada West Coast_841,,FALSE,FALSE,0,,
903,,Canada West Coast_842,,FALSE,FALSE,0,,
904,,Canada West Coast_843,,FALSE,FALSE,0,,
905,,Canada West Coast_844,,FALSE,FALSE,0,,
906,,Canada West Coast_845,,FALSE,FALSE,0,,
907,,Canada West Coast_846,,FALSE,FALSE,0,,
908,,Canada West Coast_847,,FALSE,FALSE,0,,
909,,Canada West Coast_848,,FALSE,FALSE,0,,
910,,Canada West Coast_849,,FALSE,FALSE,0,,
911,,Canada West Coast_850,,FALSE,FALSE,0,,
912,,Canada West Coast_851,,FALSE,FALSE,0,,
913,,Canada West Coast_852,,FALSE,FALSE,0,,
914,,Canada West Coast_853,,FALSE,FALSE,0,,
915,,Canada West Coast_854,,FALSE,FALSE,0,,
916,,Canada West Coast_855,,FALSE,FALSE,0,,
917,,Canada West Coast_856,,FALSE,FALSE,0,,
918,,Canada West Coast_857,,FALSE,FALSE,0,,
919,,Canada West Coast_858,,FALSE,FALSE,0,,
920,,Canada West Coast_859,,FALSE,FALSE,0,,
921,,Canada West Coast_860,,FALSE,FALSE,0,,
922,,Canada West Coast_861,,FALSE,FALSE,0,,
923,,Canada West Coast_862,,FALSE,FALSE,0,,
924,,Canada West Coast_863,,FALSE,FALSE,0,,
925,,Canada West Coast_864,,FALSE,FALSE,0,,
926,,Canada West Coast_865,,FALSE,FALSE,0,,
927,,Canada West Coast_866,,FALSE,FALSE,0,,
928,,Canada West Coast_867,,FALSE,FALSE,0,,
929,,Canada West Coast_868,,FALSE,FALSE,0,,
930,,Canada West Coast_869,,FALSE,FALSE,0,,
931,,Canada West Coast_870,,FALSE,FALSE,0,,
932,,Canada West Coast_871,,FALSE,FALSE,0,,
933,,Canada West Coast_872,,FALSE,FALSE,0,,
934,,Canada West Coast_873,,FALSE,FALSE,0,,
935,,Canada West Coast_874,,FALSE,FALSE,0,,
936,,Canada West Coast_875,,FALSE,FALSE,0,,
937,,Canada West Coast_876,,FALSE,FALSE,0,,
938,,Canada West Coast_877,,FALSE,FALSE,0,,
939,,Canada West Coast_878,,FALSE,FALSE,0,,
940,,Canada West Coast_879,,FALSE,FALSE,0,,
941,,Canada West Coast_880,,FALSE,FALSE,0,,
942,,Canada West Coast_881,,FALSE,FALSE,0,,
943,,Canada West Coast_882,,FALSE,FALSE,0,,
944,,Canada West Coast_883,,FALSE,FALSE,0,,
945,,Canada West Coast_884,,FALSE,FALSE,0,,
946,,Canada West Coast_885,,FALSE,FALSE,0,,
947,,Canada West Coast_886,,FALSE,FALSE,0,,
948,,Canada West Coast_887,,FALSE,FALSE,0,,
949,,Canada West Coast_888,,FALSE,FALSE,0,,
950,,Canada West Coast_889,,FALSE,FALSE,0,,
951,,Canada West Coast_890,,FALSE,FALSE,0,,
952,,Canada West Coast_891,,FALSE,FALSE,0,,
953,,Canada West Coast_892,,FALSE,FALSE,0,,
954,,Canada West Coast_893,,FALSE,FALSE,0,,
955,,Canada West Coast_894,,FALSE,FALSE,0,,
956,,Canada West Coast_895,,FALSE,FALSE,0,,
957,,Canada West Coast_896,,FALSE,FALSE,0,,
958,,Canada West Coast_897,,FALSE,FALSE,0,,
959,,Canada West Coast_898,,FALSE,FALSE,0,,
960,,Canada West Coast_899,,FALSE,FALSE,0,,
961,,Canada West Coast_900,,FALSE,FALSE,0,,
962,,Canada West Coast_901,,FALSE,FALSE,0,,
963,,Canada West Coast_902,,FALSE,FALSE,0,,
964,,Canada West Coast_903,,FALSE,FALSE,0,,
965,,Canada West Coast_904,,FALSE,FALSE,0,,
966,,Canada West Coast_905,,FALSE,FALSE,0,,
967,,Canada West Coast_906,,FALSE,FALSE,0,,
968,,Canada West Coast_907,,FALSE,FALSE,0,,
969,,Canada West Coast_908,,FALSE,FALSE,0,,
970,,Canada West Coast_909,,FALSE,FALSE,0,,
971,,Canada West Coast_910,,FALSE,FALSE,0,,
972,,Canada West Coast_911,,FALSE,FALSE,0,,
973,,Canada West Coast_912,,FALSE,FALSE,0,,
974,,Canada West Coast_913,,FALSE,FALSE,0,,
975,,Canada West Coast_914,,FALSE,FALSE,0,,
976,,Canada West Coast_915,,FALSE,FALSE,0,,
977,,Canada West Coast_916,,FALSE,FALSE,0,,
978,,Canada West Coast_917,,FALSE,FALSE,0,,
979,,Canada West Coast_918,,FALSE,FALSE,0,,
980,,Canada West Coast_919,,FALSE,FALSE,0,,
981,,Canada West Coast_920,,FALSE,FALSE,0,,
982,,Canada West Coast_921,,FALSE,FALSE,0,,
983,,Canada West Coast_922,,FALSE,FALSE,0,,
984,,Canada West Coast_923,,FALSE,FALSE,0,,
985,,Canada West Coast_924,,FALSE,FALSE,0,,
986,,Canada West Coast_925,,FALSE,FALSE,0,,
987,,Canada West Coast_926,,FALSE,FALSE,0,,
988,,Canada West Coast_927,,FALSE,FALSE,0,,
989,,Canada West Coast_928,,FALSE,FALSE,0,,
990,,Canada West Coast_929,,FALSE,FALSE,0,,
991,,Canada West Coast_930,,FALSE,FALSE,0,,
992,,Canada West Coast_931,,FALSE,FALSE,0,,
993,,Canada West Coast_932,,FALSE,FALSE,0,,
994,,Canada West Coast_933,,FALSE,FALSE,0,,
995,,Canada West Coast_934,,FALSE,FALSE,0,,
996,,Canada West Coast_935,,FALSE,FALSE,0,,
997,,Canada West Coast_936,,FALSE,FALSE,0,,
998,,Canada West Coast_937,,FALSE,FALSE,0,,
999,,Canada West Coast_938,,FALSE,FALSE,0,,
1000,,Canada West Coast_939,,FALSE,FALSE,0,,
1001,,Canada West Coast_940,,FALSE,FALSE,0,,
1002,,Canada West Coast_941,,FALSE,FALSE,0,,
1003,,Canada West Coast_942,,FALSE,FALSE,0,,
1004,,Canada West Coast_943,,FALSE,FALSE,0,,
1005,,Canada West Coast_944,,FALSE,FALSE,0,,
1021,,Canada West Coast_945,,FALSE,FALSE,0,,
1045,,Canada West Coast_946,,FALSE,FALSE,0,,
1046,,Canada West Coast_947,,FALSE,FALSE,0,,
1047,,Canada West Coast_948,,FALSE,FALSE,0,,
1048,,Canada West Coast_949,,FALSE,FALSE,0,,
1049,,Canada West Coast_950,,FALSE,FALSE,0,,
1050,,Canada West Coast_951,,FALSE,FALSE,0,,
1051,,Canada West Coast_952,,FALSE,FALSE,0,,
1052,,Canada West Coast_953,,FALSE,FALSE,0,,
1053,,Canada West Coast_954,,FALSE,FALSE,0,,
1054,,Canada West Coast_955,,FALSE,FALSE,0,,
1055,,Canada West Coast_956,,FALSE,FALSE,0,,
1056,,Canada West Coast_957,,FALSE,FALSE,0,,
1057,,Canada West Coast_958,,FALSE,FALSE,0,,
1058,,Canada West Coast_959,,FALSE,FALSE,0,,
1059,,Canada West Coast_960,Douglas Channel Slide B (Hawkbury Island),FALSE,FALSE,0,,
1060,,Canada West Coast_961,,FALSE,FALSE,0,,
1061,,Canada West Coast_962,,FALSE,FALSE,0,,
1062,,Canada West Coast_963,,FALSE,FALSE,0,,
1063,,Canada West Coast_964,,FALSE,FALSE,0,,
1064,,Canada West Coast_965,,FALSE,FALSE,0,,
1065,,Canada West Coast_966,,FALSE,FALSE,0,,
1066,,Canada West Coast_967,,FALSE,FALSE,0,,
1067,,Canada West Coast_968,,FALSE,FALSE,0,,
1068,,Canada West Coast_969,,FALSE,FALSE,0,,
1069,,Canada West Coast_970,,FALSE,FALSE,0,,
1070,,Canada West Coast_971,,FALSE,FALSE,0,,
1071,,Canada West Coast_972,,FALSE,FALSE,0,,
1072,,Canada West Coast_973,,FALSE,FALSE,0,,
1073,,Canada West Coast_974,,FALSE,FALSE,0,,
1074,,Canada West Coast_975,,FALSE,FALSE,0,,
1075,,Canada West Coast_976,,FALSE,FALSE,0,,
1076,,Canada West Coast_977,,FALSE,FALSE,0,,
1077,,Canada West Coast_978,,FALSE,FALSE,0,,
1078,,Canada West Coast_979,,FALSE,FALSE,0,,
1079,,Canada West Coast_980,,FALSE,FALSE,0,,
1080,,Canada West Coast_981,,FALSE,FALSE,0,,
1081,,Canada West Coast_982,,FALSE,FALSE,0,,
1082,,Canada West Coast_983,,FALSE,FALSE,0,,
1083,,Canada West Coast_984,,FALSE,FALSE,0,,
1084,,Canada West Coast_985,,FALSE,FALSE,0,,
1085,,Canada West Coast_986,,FALSE,FALSE,0,,
1086,,Canada West Coast_987,,FALSE,FALSE,0,,
1087,,Canada West Coast_988,,FALSE,FALSE,0,,
1088,,Canada West Coast_989,,FALSE,FALSE,0,,
1089,,Canada West Coast_990,,FALSE,FALSE,0,,
1090,,Canada West Coast_991,,FALSE,FALSE,0,,
1091,,Canada West Coast_992,,FALSE,FALSE,0,,
1092,,Canada West Coast_993,,FALSE,FALSE,0,,
1093,,Canada West Coast_994,,FALSE,FALSE,0,,
1094,,Canada West Coast_995,,FALSE,FALSE,0,,
1095,,Canada West Coast_996,,FALSE,FALSE,0,,
1096,,Canada West Coast_997,,FALSE,FALSE,0,,
1097,,Canada West Coast_998,,FALSE,FALSE,0,,
1098,,Canada West Coast_999,,FALSE,FALSE,0,,
1099,,Canada West Coast_1000,,FALSE,FALSE,0,,
1100,,Canada West Coast_1001,,FALSE,FALSE,0,,
1101,,Canada West Coast_1002,,FALSE,FALSE,0,,
1102,,Canada West Coast_1003,,FALSE,FALSE,0,,
1103,,Canada West Coast_1004,,FALSE,FALSE,0,,
1104,,Canada West Coast_1005,,FALSE,FALSE,0,,
1105,,Canada West Coast_1006,,FALSE,FALSE,0,,
1106,,Canada West Coast_1007,,FALSE,FALSE,0,,
1107,,Canada West Coast_1008,,FALSE,FALSE,0,,
1108,,Canada West Coast_1009,,FALSE,FALSE,0,,
1109,,Canada West Coast_1010,,FALSE,FALSE,0,,
1110,,Canada West Coast_1011,,FALSE,FALSE,0,,
1111,,Canada West Coast_1012,,FALSE,FALSE,0,,
1112,,Canada West Coast_1013,,FALSE,FALSE,0,,
1113,,Canada West Coast_1014,,FALSE,FALSE,0,,
1114,,Canada West Coast_1015,,FALSE,FALSE,0,,
1115,,Canada West Coast_1016,,FALSE,FALSE,0,,
1116,,Canada West Coast_1017,,FALSE,FALSE,0,,
1117,,Canada West Coast_1018,,FALSE,FALSE,0,,
1118,,Canada West Coast_1019,,FALSE,FALSE,0,,
1119,,Canada West Coast_1020,,FALSE,FALSE,0,,
1120,,Canada West Coast_1021,,FALSE,FALSE,0,,
1121,,Canada West Coast_1022,,FALSE,FALSE,0,,
1122,,Canada West Coast_1023,,FALSE,FALSE,0,,
1123,,Canada West Coast_1024,,FALSE,FALSE,0,,
1124,,Canada West Coast_1025,,FALSE,FALSE,0,,
1125,,Canada West Coast_1026,,FALSE,FALSE,0,,
1126,,Canada West Coast_1027,,FALSE,FALSE,0,,
1127,,Canada West Coast_1028,,FALSE,FALSE,0,,
1128,,Canada West Coast_1029,,FALSE,FALSE,0,,
1129,,Canada West Coast_1030,,FALSE,FALSE,0,,
1130,,Canada West Coast_1031,,FALSE,FALSE,0,,
1131,,Canada West Coast_1032,,FALSE,FALSE,0,,
1132,,Canada West Coast_1033,,FALSE,FALSE,0,,
1133,,Canada West Coast_1034,,FALSE,FALSE,0,,
1134,,Canada West Coast_1035,,FALSE,FALSE,0,,
1135,,Canada West Coast_1036,,FALSE,FALSE,0,,
1136,,Canada West Coast_1037,,FALSE,FALSE,0,,
1137,,Canada West Coast_1038,,FALSE,FALSE,0,,
1138,,Canada West Coast_1039,,FALSE,FALSE,0,,
1139,,Canada West Coast_1040,,FALSE,FALSE,0,,
1140,,Canada West Coast_1041,,FALSE,FALSE,0,,
1141,,Canada West Coast_1042,,FALSE,FALSE,0,,
1142,,Canada West Coast_1043,,FALSE,FALSE,0,,
1143,,Canada West Coast_1044,,FALSE,FALSE,0,,
1144,,Canada West Coast_1045,,FALSE,FALSE,0,,
1145,,Canada West Coast_1046,,FALSE,FALSE,0,,
1146,,Canada West Coast_1047,,FALSE,FALSE,0,,
1147,,Canada West Coast_1048,,FALSE,FALSE,0,,
1148,,Canada West Coast_1049,,FALSE,FALSE,0,,
1149,,Canada West Coast_1050,,FALSE,FALSE,0,,
1150,,Canada West Coast_1051,,FALSE,FALSE,0,,
1151,,Canada West Coast_1052,,FALSE,FALSE,0,,
1152,,Canada West Coast_1053,,FALSE,FALSE,0,,
1153,,Canada West Coast_1054,,FALSE,FALSE,0,,
1006,,Canada West Coast_1055,,FALSE,FALSE,0,,
1007,,Canada West Coast_1056,,FALSE,FALSE,0,,
1008,,Canada West Coast_1057,,FALSE,FALSE,0,,
1009,,Canada West Coast_1058,,FALSE,FALSE,0,,
1010,,Canada West Coast_1059,,FALSE,FALSE,0,,
1011,,Canada West Coast_1060,,FALSE,FALSE,0,,
1012,,Canada West Coast_1061,,FALSE,FALSE,0,,
1013,,Canada West Coast_1062,,FALSE,FALSE,0,,
1014,,Canada West Coast_1063,,FALSE,FALSE,0,,
1015,,Canada West Coast_1064,,FALSE,FALSE,0,,
1016,,Canada West Coast_1065,,FALSE,FALSE,0,,
1017,,Canada West Coast_1066,,FALSE,FALSE,0,,
1018,,Canada West Coast_1067,,FALSE,FALSE,0,,
1019,,Canada West Coast_1068,,FALSE,FALSE,0,,
1020,,Canada West Coast_1069,,FALSE,FALSE,0,,
1154,,Canada West Coast_1070,,FALSE,FALSE,0,,
1155,,Canada West Coast_1071,,FALSE,FALSE,0,,
1156,,Canada West Coast_1072,,FALSE,FALSE,0,,
1157,,Canada West Coast_1073,,FALSE,FALSE,0,,
1158,,Canada West Coast_1074,,FALSE,FALSE,0,,
1159,,Canada West Coast_1075,,FALSE,FALSE,0,,
1160,,Canada West Coast_1076,,FALSE,FALSE,0,,
1161,,Canada West Coast_1077,,FALSE,FALSE,0,,
1162,,Canada West Coast_1078,,FALSE,FALSE,0,,
1163,,Canada West Coast_1079,,FALSE,FALSE,0,,
1164,,Canada West Coast_1080,,FALSE,FALSE,0,,
1165,,Canada West Coast_1081,,FALSE,FALSE,0,,
1166,,Canada West Coast_1082,,FALSE,FALSE,0,,
1167,,Canada West Coast_1083,,FALSE,FALSE,0,,
1168,,Canada West Coast_1084,,FALSE,FALSE,0,,
1169,,Canada West Coast_1085,,FALSE,FALSE,0,,
1022,,Canada West Coast_1086,,FALSE,FALSE,0,,
1023,,Canada West Coast_1087,,FALSE,FALSE,0,,
1024,,Canada West Coast_1088,,FALSE,FALSE,0,,
1025,,Canada West Coast_1089,,FALSE,FALSE,0,,
1026,,Canada West Coast_1090,,FALSE,FALSE,0,,
1027,,Canada West Coast_1091,,FALSE,FALSE,0,,
1028,,Canada West Coast_1092,,FALSE,FALSE,0,,
1029,,Canada West Coast_1093,,FALSE,FALSE,0,,
1030,,Canada West Coast_1094,,FALSE,FALSE,0,,
1031,,Canada West Coast_1095,,FALSE,FALSE,0,,
1032,,Canada West Coast_1096,,FALSE,FALSE,0,,
1033,,Canada West Coast_1097,,FALSE,FALSE,0,,
1034,,Canada West Coast_1098,,FALSE,FALSE,0,,
1035,,Canada West Coast_1099,,FALSE,FALSE,0,,
1036,,Canada West Coast_1100,,FALSE,FALSE,0,,
1037,,Canada West Coast_1101,,FALSE,FALSE,0,,
1038,,Canada West Coast_1102,,FALSE,FALSE,0,,
1039,,Canada West Coast_1103,,FALSE,FALSE,0,,
1040,,Canada West Coast_1104,,FALSE,FALSE,0,,
1041,,Canada West Coast_1105,,FALSE,FALSE,0,,
1042,,Canada West Coast_1106,,FALSE,FALSE,0,,
1043,,Canada West Coast_1107,,FALSE,FALSE,0,,
1044,,Canada West Coast_1108,,FALSE,FALSE,0,,
1170,,Canada West Coast_1109,,FALSE,FALSE,0,,
1171,,Canada West Coast_1110,,FALSE,FALSE,0,,
1172,,Canada West Coast_1111,,FALSE,FALSE,0,,
1173,,Canada West Coast_1112,,FALSE,FALSE,0,,
1174,,Canada West Coast_1113,,FALSE,FALSE,0,,
1175,,Canada West Coast_1114,,FALSE,FALSE,0,,
1176,,Canada West Coast_1115,,FALSE,FALSE,0,,
1177,,Canada West Coast_1116,,FALSE,FALSE,0,,
1178,,Canada West Coast_1117,,FALSE,FALSE,0,,
1179,,Canada West Coast_1118,,FALSE,FALSE,0,,
1180,,Canada West Coast_1119,,FALSE,FALSE,0,,
1181,,Canada West Coast_1120,,FALSE,FALSE,0,,
1182,,Canada West Coast_1121,,FALSE,FALSE,0,,
1183,,Canada West Coast_1122,,FALSE,FALSE,0,,
1184,,Canada West Coast_1123,,FALSE,FALSE,0,,
1185,,Canada West Coast_1124,,FALSE,FALSE,0,,
1186,,Canada West Coast_1125,,FALSE,FALSE,0,,
1187,,Canada West Coast_1126,,FALSE,FALSE,0,,
1188,,Canada West Coast_1127,,FALSE,FALSE,0,,
1189,,Canada West Coast_1128,,FALSE,FALSE,0,,
1190,,Canada West Coast_1129,,FALSE,FALSE,0,,
1191,,Canada West Coast_1130,,FALSE,FALSE,0,,
1192,,Canada West Coast_1131,,FALSE,FALSE,0,,
1193,,Canada West Coast_1132,,FALSE,FALSE,0,,
1194,,Canada West Coast_1133,,FALSE,FALSE,0,,
1195,,Canada West Coast_1134,,FALSE,FALSE,0,,
1196,,Canada West Coast_1135,,FALSE,FALSE,0,,
1197,,Canada West Coast_1136,,FALSE,FALSE,0,,
1198,,Canada West Coast_1137,,FALSE,FALSE,0,,
1199,,Canada West Coast_1138,,FALSE,FALSE,0,,
1200,,Canada West Coast_1139,,FALSE,FALSE,0,,
1201,,Canada West Coast_1140,,FALSE,FALSE,0,,
1202,,Canada West Coast_1141,,FALSE,FALSE,0,,
1203,,Canada West Coast_1142,,FALSE,FALSE,0,,
1204,,Canada West Coast_1143,,FALSE,FALSE,0,,
1205,,Canada West Coast_1144,,FALSE,FALSE,0,,
1206,,Canada West Coast_1145,,FALSE,FALSE,0,,
1207,,Canada West Coast_1146,,FALSE,FALSE,0,,
1208,,Canada West Coast_1147,,FALSE,FALSE,0,,
1209,,Canada West Coast_1148,,FALSE,FALSE,0,,
1210,,Canada West Coast_1149,,FALSE,FALSE,0,,
1211,,Canada West Coast_1150,,FALSE,FALSE,0,,
1212,,Canada West Coast_1151,,FALSE,FALSE,0,,
1213,,Canada West Coast_1152,,FALSE,FALSE,0,,
1214,,Canada West Coast_1153,,FALSE,FALSE,0,,
1215,,Canada West Coast_1154,,FALSE,FALSE,0,,
1216,,Canada West Coast_1155,,FALSE,FALSE,0,,
1217,,Canada West Coast_1156,,FALSE,FALSE,0,,
1218,,Canada West Coast_1157,,FALSE,FALSE,0,,
1219,,Canada West Coast_1158,,FALSE,FALSE,0,,
1220,,Canada West Coast_1159,,FALSE,FALSE,0,,
1221,,Canada West Coast_1160,,FALSE,FALSE,0,,
1222,,Canada West Coast_1161,,FALSE,FALSE,0,,
1223,,Canada West Coast_1162,,FALSE,FALSE,0,,
1224,,Canada West Coast_1163,,FALSE,FALSE,0,,
1225,,Canada West Coast_1164,,FALSE,FALSE,0,,
1226,,Canada West Coast_1165,J.Shaw_175,FALSE,FALSE,,,
1227,,Canada West Coast_1166,J.Shaw_176,FALSE,FALSE,,,
1228,,Canada West Coast_1167,J.Shaw_177,FALSE,FALSE,,,
1229,,Canada West Coast_1168,J.Shaw_178,FALSE,FALSE,,,
1230,,Canada West Coast_1169,J.Shaw_179,FALSE,FALSE,,,
1231,,Canada West Coast_1170,J.Shaw_180,FALSE,FALSE,,,
1232,,Canada West Coast_1171,J.Shaw_181,FALSE,FALSE,,,
1233,,Canada West Coast_1172,J.Shaw_182,FALSE,FALSE,,,
1234,,Canada West Coast_1173,J.Shaw_183,FALSE,FALSE,,,
1235,,Canada West Coast_1174,J.Shaw_184,FALSE,FALSE,,,
1236,,Canada West Coast_1175,J.Shaw_185,FALSE,FALSE,,,
1237,,Canada West Coast_1176,J.Shaw_186,FALSE,FALSE,,,
1238,,Canada West Coast_1177,J.Shaw_187,FALSE,FALSE,,,
1239,,Canada West Coast_1178,J.Shaw_188,FALSE,FALSE,,,
1240,,Canada West Coast_1179,J.Shaw_189,FALSE,FALSE,,,
1241,,Canada West Coast_1180,J.Shaw_190,FALSE,FALSE,,,
1242,,Canada West Coast_1181,J.Shaw_191,FALSE,FALSE,,,
1243,,Canada West Coast_1182,J.Shaw_192,FALSE,FALSE,,,
1244,,Canada West Coast_1183,J.Shaw_193,FALSE,FALSE,,,
1245,,Canada West Coast_1184,J.Shaw_194,FALSE,FALSE,,,
1246,,Canada West Coast_1185,J.Shaw_195,FALSE,FALSE,,,
1247,,Canada West Coast_1186,J.Shaw_196,FALSE,FALSE,,,
1248,,Canada West Coast_1187,J.Shaw_197,FALSE,FALSE,,,
1249,,Canada West Coast_1188,J.Shaw_198,FALSE,FALSE,,,
1250,,Canada West Coast_1189,J.Shaw_199,FALSE,FALSE,,,
1251,,Canada West Coast_1190,J.Shaw_200,FALSE,FALSE,,,
1252,,Canada West Coast_1191,J.Shaw_201,FALSE,FALSE,,,
1253,,Canada West Coast_1192,J.Shaw_202,FALSE,FALSE,,,
1254,,Canada West Coast_1193,J.Shaw_203,FALSE,FALSE,,,
1255,,Canada West Coast_1194,J.Shaw_204,FALSE,FALSE,,,
1256,,Canada West Coast_1195,J.Shaw_205,FALSE,FALSE,,,
1257,,Canada West Coast_1196,J.Shaw_206,FALSE,FALSE,,,
1258,,Canada West Coast_1197,J.Shaw_207,FALSE,FALSE,,,
1259,,Canada West Coast_1198,J.Shaw_208,FALSE,FALSE,,,
1260,,Canada West Coast_1199,J.Shaw_209,FALSE,FALSE,,,
1261,,Canada West Coast_1200,J.Shaw_210,FALSE,FALSE,,,
1262,,Canada West Coast_1201,J.Shaw_211,FALSE,FALSE,,,
1263,,Canada West Coast_1202,J.Shaw_212,FALSE,FALSE,,,
1264,,Canada West Coast_1203,J.Shaw_213,FALSE,FALSE,,,
1265,,Canada West Coast_1204,J.Shaw_214,FALSE,FALSE,,,
1266,,Canada West Coast_1205,J.Shaw_215,FALSE,FALSE,,,
